{"Biology": [[3.841773268015787, 0.23043351456570252, 11180, 12607], [3.760852848781697, 0.22988027360946714, 12616, 14174], [3.758829737996684, 0.2613772966716922, 15249, 17191], [3.724089862948265, 0.2795654292791675, 18575, 20765], [3.7246251357056006, 0.2594927590433974, 19067, 21361], [3.722422384059156, 0.2544945474971327, 19671, 22134], [3.8476404440221765, 0.2358914652276738, 17921, 20725], [3.77726988351625, 0.24087442222843436, 17399, 20126], [3.6908720369788046, 0.23156318257655803, 17011, 19412], [3.672351125482367, 0.22933339799519237, 17808, 20344], [3.7006673579141234, 0.22958987113531226, 19131, 21904], [3.6511388475054924, 0.22853172154273355, 19176, 22014], [3.608706685274496, 0.22707040217786698, 18706, 21330], [3.6067838097187406, 0.22536936073012717, 19803, 22715], [3.589233300650564, 0.22314069661666225, 20510, 23458]], "Business": [[4.521922261190755, 0.21215910981508265, 6131, 8222], [4.613567453705376, 0.20639878354683167, 6812, 9587], [4.571698326761545, 0.203606363386213, 8286, 11981], [4.699378474296815, 0.23079360262621465, 8751, 11828], [4.55217663244129, 0.21846553550470363, 9369, 12707], [4.548327857811223, 0.22044233822436773, 11164, 14917], [4.60529594012142, 0.20139873347282844, 14092, 19970], [4.582253197118506, 0.19341091513117134, 14326, 20536], [4.514389052066087, 0.21064080492485784, 12873, 17107], [4.519187062937063, 0.20602732788485328, 14080, 18664], [4.690292922361325, 0.1990579892428547, 9698, 13682], [4.482952000717356, 0.1957486411554287, 7116, 10069], [4.5228352487978665, 0.19127982004997976, 7639, 10833], [4.489502772896902, 0.18429098031679864, 9305, 13130], [4.5145892133768175, 0.19900071729489635, 8301, 11845]], "Chemistry": [[3.415108690390446, 0.26753796383124695, 6396, 7067], [3.4936867611417712, 0.25619531996099937, 7914, 8858], [3.5016132177424346, 0.24911001254974727, 9483, 10996], [3.5104509739754484, 0.24002978592570484, 11064, 12765], [3.5283792236224074, 0.22670754672840016, 11820, 13775], [3.542449198385768, 0.2261166372902659, 12705, 14842], [3.519088864854024, 0.22429979926168708, 12990, 15361], [3.5791516818725286, 0.2199977176900257, 13789, 16362], [3.5849209999969007, 0.22197800279572494, 13633, 15293], [3.571115505416477, 0.22301580601227097, 13985, 15667], [3.6021809460309586, 0.22146269712450847, 14721, 16451], [3.607833993935958, 0.22234387465307553, 15182, 16997], [3.5467339646713607, 0.22928612369331178, 16588, 18419], [3.545171403277617, 0.22808424364082303, 16887, 19162], [3.5627573491249427, 0.22072848191855596, 17347, 20551]], "Computer science": [[4.507828480743351, 0.28115951132923395, 3883, 4479], [4.444456652769303, 0.28873516442832875, 4850, 5601], [4.399400513949511, 0.276771666341409, 5828, 6744], [4.355955726473902, 0.2794058828142146, 6540, 7490], [4.283508671287243, 0.26842424348808336, 7917, 9088], [4.058467952663236, 0.2660757629602187, 8648, 9862], [4.034641335752031, 0.26400747929843543, 8963, 10260], [4.026017250813744, 0.2594706924005083, 9583, 11015], [4.025002042917995, 0.2582026850179118, 10132, 11676], [4.0093954322974845, 0.2575831397655275, 10667, 12374], [3.983144223834168, 0.258691648490682, 11007, 12721], [3.9500886191391555, 0.2575721540509578, 11429, 13143], [3.9225848734511906, 0.25853954470975277, 11744, 13486], [3.880229996283137, 0.25712264572334115, 11638, 13346], [3.8392830680161305, 0.25896743893946206, 11955, 13849]], "Economics": [[4.042584475137613, 0.24104129110181657, 2034, 2531], [4.029037393055758, 0.23870331268538936, 2796, 3491], [4.043810169168062, 0.23052356664203927, 3463, 4339], [4.136503153140631, 0.2252705359316729, 3997, 5012], [4.130325254086982, 0.2282349079160822, 4763, 5879], [4.129636120945849, 0.2321012790609451, 5174, 6336], [4.126413473200665, 0.22484792336749723, 5504, 6753], [4.846669459572685, 0.16377335104305712, 869, 1663], [4.952820858569735, 0.16821118967163806, 947, 1832], [4.883816176005182, 0.18777323545485225, 1037, 1921], [4.252658270805387, 0.2052280044842591, 4106, 5463], [4.186918998313683, 0.21614635925843814, 4136, 5229], [4.182901542815478, 0.2154797057772563, 4486, 5643], [4.141952604973943, 0.21469466784303942, 4730, 5915], [4.15953088550155, 0.21154947768094068, 4941, 6161]], "Engineering disciplines": [[4.4454706594619315, 0.23392049350305674, 6122, 7343], [4.47446069621744, 0.22415362509349215, 6610, 8188], [4.5041176290994045, 0.22174349692537138, 8082, 9933], [4.497453941998594, 0.22045729258046579, 8689, 10578], [4.474630571680842, 0.21914216077609058, 11598, 13832], [4.494191856476251, 0.22884919692080305, 12160, 14590], [4.523018718634079, 0.22550257286254524, 12114, 14580], [4.523614954603148, 0.22445673394226648, 13228, 15809], [4.5342591571540325, 0.2258224851662006, 13459, 16236], [4.528667719534602, 0.22525795500074539, 15002, 17987], [4.450657915366771, 0.22686146077776964, 16348, 19428], [4.417781110026183, 0.2241983932755863, 16308, 19422], [4.364183241830963, 0.225343400829264, 16938, 20104], [4.413727612646518, 0.21883183514075655, 19122, 22841], [4.348960902400527, 0.22044871107116876, 20574, 24623]], "Environmental science": [[3.9894063587087474, 0.23151720165876674, 4522, 5659], [4.684772579383358, 0.20763572658235102, 1170, 1578], [4.571333795559906, 0.21101587005451436, 1486, 1981], [4.336383489647048, 0.25417918256899125, 1051, 1380], [4.3227739737208815, 0.26933521902700613, 1238, 1620], [4.374602379060852, 0.2737089330206458, 1370, 1742], [4.416180446560486, 0.2565544493322771, 1574, 2006], [4.437130977901363, 0.2434851783774164, 1999, 2529], [4.417304016558918, 0.24258851131162315, 2132, 2690], [4.404149341439684, 0.24497519137120138, 2490, 3171], [4.291335164872299, 0.23495538504867763, 3441, 4268], [4.319055433048347, 0.23078560311697424, 3358, 4266], [4.271221412318254, 0.22999447581333973, 3484, 4370], [4.234445081729922, 0.23136355459884442, 3590, 4471], [4.048010044970572, 0.2431563612294291, 4704, 5703]], "Geography": [[4.139862919329015, 0.25962256723050947, 1838, 2458], [4.183833521527746, 0.26470767876324525, 2727, 3313], [4.090779962089248, 0.3020306954192078, 3763, 4503], [4.084711722465374, 0.2563558158669186, 2410, 2974], [4.062139206922954, 0.2561249973091427, 2486, 3117], [4.095500843086381, 0.24916777089042036, 2536, 3190], [4.1038935242215135, 0.24615473529567994, 2539, 3199], [4.106721344877187, 0.22983050718853545, 2565, 3248], [4.125708140916515, 0.2514649936146835, 2989, 3755], [4.104995304462805, 0.26019856030018707, 4634, 5678], [3.9747723281638185, 0.27776722456453834, 3723, 4481], [3.9804551561322294, 0.26286562505279387, 4232, 5085], [3.929405061692951, 0.2761951413052486, 4402, 5193], [3.8748060204087205, 0.27668153263617057, 4529, 5306], [3.851029150437061, 0.2885493906407766, 4757, 5610]], "Geology": [[3.5954518120479535, 0.3026075983674703, 2483, 2769], [3.5910462890354413, 0.28228490256376143, 2743, 3079], [3.5080108461070223, 0.2895542178965091, 2126, 2377], [3.556221209003944, 0.29329587647386973, 2508, 2792], [3.586541038825607, 0.2814727829773162, 2612, 2947], [3.62967177570524, 0.2778303236993004, 2636, 2978], [3.6694406019895482, 0.28019861135318186, 2870, 3223], [3.647261742104109, 0.2784666122244479, 3158, 3532], [3.5318845536038137, 0.26243574669425185, 3676, 4113], [3.493568198108885, 0.2611182471302488, 3540, 3928], [3.4911671889387708, 0.25426012433157097, 3583, 3982], [3.527665901616071, 0.25944248099714967, 3251, 3659], [3.531598932748468, 0.25985670083643386, 3293, 3704], [3.5279568004771744, 0.2541365812029766, 3369, 3788], [3.4990156291128565, 0.2574879347222363, 3815, 4281]],