{"Biology": [[4.955280862837898, 0.2791068341820693, 5915, 12607], [4.908858660233331, 0.27093337074921214, 6583, 14174], [4.9771404495868286, 0.2898531444103256, 7480, 17191], [5.058809244909417, 0.28243022021846637, 9216, 20765], [5.112208321445534, 0.28401265544766835, 9954, 21361], [5.09668585489286, 0.2774257924400637, 10254, 22134], [5.258687851287039, 0.2740314424230607, 9752, 20725], [5.178160337009745, 0.2780911240143804, 9511, 20126], [5.033854939847422, 0.2755586980556896, 9766, 19412], [5.025602980031209, 0.2721834153883971, 10314, 20344], [5.088490297422424, 0.27211250488789, 11201, 21904], [4.987306497890716, 0.2675967539204274, 11299, 22014], [4.96245916638488, 0.2666434837133479, 11267, 21330], [4.964594290873696, 0.2639232237269439, 12027, 22715], [4.94592012945801, 0.2604833939283175, 12577, 23458]], "Business": [[5.788421240706792, 0.2976650918054171, 2427, 8222], [5.934684110693234, 0.30569987400111975, 2568, 9587], [5.833203631539691, 0.29516656283508214, 3107, 11981], [6.074798038881399, 0.31642051319870085, 3323, 11828], [6.0108815698711, 0.30454878481632996, 3569, 12707], [6.222779761546491, 0.30529255040465264, 4630, 14917], [6.29577758722515, 0.29986483091622923, 5504, 19970], [6.225606113588252, 0.28327060501066054, 5579, 20536], [6.237238858102929, 0.28881252463487245, 5507, 17107], [6.375598943732275, 0.2812899231125246, 6149, 18664], [6.6482917591876065, 0.27233318984088173, 3615, 13682], [6.459087027209704, 0.26781098593048464, 2960, 10069], [6.447390770219522, 0.25873329721956745, 3166, 10833], [6.3471325189497705, 0.249509376976916, 4076, 13130], [6.442219387907161, 0.2647543442298936, 3664, 11845]], "Chemistry": [[4.401830996207165, 0.29532052007969284, 3744, 7067], [4.4990668835003556, 0.28032923611106747, 4624, 8858], [4.560358652288976, 0.27800698061122914, 5626, 10996], [4.627524963062136, 0.2753405985717284, 6674, 12765], [4.6495084642347395, 0.2585394197393631, 7254, 13775], [4.684053227065487, 0.2572679921781205, 7848, 14842], [4.673831287826964, 0.2519881780761909, 8130, 15361], [4.75193742574677, 0.24960867636627032, 8777, 16362], [4.7870379179587825, 0.2515888996281629, 8736, 15293], [4.767118381908183, 0.25267049024730215, 9001, 15667], [4.836870497179997, 0.24967143988841964, 9524, 16451], [4.89963052026773, 0.2490950724941771, 10014, 16997], [4.822000905387053, 0.25330721839452647, 11046, 18419], [4.810012102925755, 0.2522691135600497, 11415, 19162], [4.814700269151458, 0.2500003481543445, 11676, 20551]], "Computer science": [[5.831427262070635, 0.36536732613558326, 2027, 4479], [5.627730071145964, 0.3645646584524869, 2513, 5601], [5.5578786840011, 0.3440101116792267, 3148, 6744], [5.616164738696521, 0.33363083084845063, 3697, 7490], [5.57564078410413, 0.33371863150731046, 4514, 9088], [5.368495033131864, 0.32421095064994704, 5076, 9862], [5.359506322363477, 0.31454808126713535, 5416, 10260], [5.365329909834252, 0.31052774675672, 5885, 11015], [5.373307278070319, 0.3107003113110084, 6236, 11676], [5.397932372909865, 0.31091958018483823, 6653, 12374], [5.382628801931536, 0.30745141113580443, 6922, 12721], [5.317138991453614, 0.30287099369975734, 7237, 13143], [5.286719535914865, 0.3024481979731466, 7516, 13486], [5.243328402005988, 0.2970747315186417, 7576, 13346], [5.232062012893551, 0.2965903102357071, 7965, 13849]], "Economics": [[4.988726077272618, 0.34009064104245557, 958, 2531], [4.9803811789548105, 0.31936154548945983, 1312, 3491], [5.051500295165216, 0.3058866745810907, 1654, 4339], [5.154816794976865, 0.30301459624845933, 1929, 5012], [5.206440759432828, 0.29411200154518446, 2337, 5879], [5.202104319534735, 0.2872817278358773, 2569, 6336], [5.127946557612754, 0.28311218520545145, 2836, 6753], [5.177042654315382, 0.256680839935202, 364, 1663], [5.3954083804658515, 0.2455626937614402, 406, 1832], [5.312413559034407, 0.2628704580127796, 486, 1921], [5.178027613594423, 0.2727081331540366, 2183, 5463], [5.19348289055077, 0.27458763134348, 2348, 5229], [5.152271729771202, 0.27291893838438014, 2563, 5643], [5.162157285529984, 0.267248884212593, 2786, 5915], [5.145883358328376, 0.26437412120642534, 2891, 6161]], "Engineering disciplines": [[5.681011834026365, 0.3118846871899825, 2919, 7343], [5.70176908487242, 0.2901154658668552, 3214, 8188], [5.765001522350655, 0.2888130579093577, 4061, 9933], [5.8343925843833, 0.2875056414487622, 4422, 10578], [5.796499492059982, 0.28027650217369154, 6093, 13832], [5.821798982807794, 0.29084118429930067, 6470, 14590], [5.9275496075766805, 0.28797300599792336, 6478, 14580], [5.941967007719006, 0.28107635639205925, 7311, 15809], [5.966988405249453, 0.27947569474750417, 7309, 16236], [5.962025775510051, 0.2807110299767571, 8255, 17987], [5.957209466030144, 0.2805648126331448, 9339, 19428], [5.909741353910655, 0.2767220580378055, 9416, 19422], [5.911829080160365, 0.27821451703880207, 9882, 20104], [5.938628447162345, 0.26880939411228033, 11187, 22841], [5.907520579886247, 0.2671127619779916, 12187, 24623]], "Environmental science": [[5.114763379470923, 0.2974850212412297, 2027, 5659], [5.694701916198651, 0.29902577429534066, 363, 1578], [5.88069680455101, 0.3066501323184541, 467, 1981], [5.568200900694603, 0.3592951142892686, 397, 1380], [5.516409602858201, 0.35775819466006303, 429, 1620], [5.995782730118872, 0.35760537133918596, 499, 1742], [6.1403707670571075, 0.33260939643745574, 593, 2006], [6.341454130186524, 0.3226875300804202, 852, 2529], [6.356043430039111, 0.32285035042966986, 926, 2690], [6.326545270419347, 0.3295551863302222, 1123, 3171], [6.001772994526617, 0.29672327543904664, 1702, 4268], [6.0541764690675, 0.2888032353814201, 1646, 4266], [5.890375515890749, 0.29094350925032686, 1745, 4370], [5.861529597033901, 0.2951513601873615, 1834, 4471], [5.594302265643935, 0.2884215689414602, 2421, 5703]], "Geography": [[5.35733410883301, 0.34990805546164616, 884, 2458], [5.382000075645826, 0.3439713589942167, 1260, 3313], [6.573375303432473, 0.3317070224944773, 2100, 4503], [5.600411058040238, 0.3105376585614285, 1176, 2974], [5.336267486908473, 0.3178067730418154, 1206, 3117], [5.442104952743251, 0.304258695638019, 1222, 3190], [5.484202099247359, 0.29416807831545655, 1238, 3199], [5.522148041566747, 0.29177477393192996, 1251, 3248], [5.73947277908805, 0.31360296716555636, 1537, 3755], [6.2648140557035825, 0.28688933147674034, 2584, 5678], [6.139266666379693, 0.30654695976259005, 2156, 4481], [5.973275821819046, 0.2948192671613977, 2423, 5085], [6.010477255229879, 0.2933044806378027, 2553, 5193], [5.929696857916746, 0.28691059876518016, 2608, 5306], [5.749891411387595, 0.30623941591930326, 2751, 5610]], "Geology": [[4.602808664854625, 0.3554501387465986, 1350, 2769], [4.615452314403341, 0.33994073309386913, 1517, 3079], [4.571115584856127, 0.3502466633319565, 1165, 2377], [4.719044679749242, 0.34730085704310504, 1419, 2792], [4.7461945388436035, 0.32515202405899746, 1451, 2947], [4.897267145441588, 0.32570965387532447, 1480, 2978], [4.917000158322271, 0.3253970681213362, 1570, 3223], [4.870622106952247, 0.32615109209777327, 1771, 3532], [4.807210456122097, 0.3175613845161797, 2143, 4113], [4.774453606812432, 0.31040728347865004, 2111, 3928], [4.779127267720921, 0.30989389495929565, 2190, 3982], [4.816551113175117, 0.3170563417660214, 1991, 3659], [4.882233210053224, 0.31663914350970246, 2014, 3704], [4.881189386616304, 0.3083479169625074, 2073, 3788], [4.784169690132081, 0.3101146325940086, 2302, 4281]],